﻿<?xml version="1.0"?>
<doc>
<assembly>
<name>
Cancelaciones
</name>
</assembly>
<members>
<member name="T:Cancelaciones.SysFlexSegurosDataSet">
	<summary>
Represents a strongly typed in-memory cache of data.
</summary>
</member><member name="T:Cancelaciones.SysFlexSegurosDataSetTableAdapters.QueriesTableAdapter">
	<summary>
Represents the connection and commands used to retrieve and save data.
</summary>
</member><member name="P:Cancelaciones.My.Resources.Resources.ResourceManager">
	<summary>
  Returns the cached ResourceManager instance used by this class.
</summary>
</member><member name="P:Cancelaciones.My.Resources.Resources.Culture">
	<summary>
  Overrides the current thread's CurrentUICulture property for all
  resource lookups using this strongly typed resource class.
</summary>
</member><member name="P:Cancelaciones.My.Resources.Resources.Filter_64">
	<summary>
  Looks up a localized resource of type System.Drawing.Bitmap.
</summary>
</member><member name="T:Cancelaciones.My.Resources.Resources">
	<summary>
  A strongly-typed resource class, for looking up localized strings, etc.
</summary>
</member>
</members>
</doc>